Name,College,Age,Email,Phone.no
Messi,Chile Clg,32,Messi1991@gmail.com,123
Ronaldo,Argentina Clg,34,Ronaldo1995@gmail.com,456
Isco,Brazil Clg,27,Isco1985@gmail.com,789
Bale,England Clg,30,Bale1975@gmail.com,1011
Xavi,Portgual Clg,36,Xavi1985@gmail.com,1213
Pique,Germany Clg,32,Pique1987@gmail.com,1544
Coutinho,LA Clg,27,Coutinho1991@gmail.com,8787
Suarez,Rosario Clg,32,Saurez1995@gmail.com,9748
Iniesta,Italy Clg,35,Iniesta1985@gmail.com,2145
Busquets,India Clg,31,Busquets1985@gmail.com,11287
Neymar,Netherlands Clg,27,Neymar1985@gmail.com,4578
